{"lr": 0.001, "data_time": 0.0004982709884643555, "loss": 0.7251141190528869, "time": 0.05229165554046631, "epoch": 1, "iter": 72, "memory": 1776, "step": 72}
{"accuracy/top1": 85.73944091796875, "data_time": 0.015663690037197538, "time": 0.03067302703857422, "step": 1}
{"lr": 0.0009997532801828658, "data_time": 0.0006032466888427734, "loss": 0.4290136247873306, "time": 0.03588294982910156, "epoch": 2, "iter": 144, "memory": 1776, "step": 144}
{"accuracy/top1": 90.8450698852539, "data_time": 0.004304747832448859, "time": 0.018143151935778166, "step": 2}
{"lr": 0.0009990133642141358, "data_time": 0.000539398193359375, "loss": 0.3391141787171364, "time": 0.03314223289489746, "epoch": 3, "iter": 216, "memory": 1776, "step": 216}
{"accuracy/top1": 92.95774841308594, "data_time": 0.006582937742534436, "time": 0.01641661242434853, "step": 3}
{"lr": 0.00099778098230154, "data_time": 0.0007081747055053711, "loss": 0.36338483840227126, "time": 0.03484101295471191, "epoch": 4, "iter": 288, "memory": 1776, "step": 288}
{"accuracy/top1": 92.95774841308594, "data_time": 0.004795363074854801, "time": 0.015234194303813734, "step": 4}
{"lr": 0.000996057350657239, "data_time": 0.0006367444992065429, "loss": 0.299322596937418, "time": 0.034199881553649905, "epoch": 5, "iter": 360, "memory": 1776, "step": 360}
{"accuracy/top1": 93.83802795410156, "data_time": 0.004515196147717927, "time": 0.016461008473446493, "step": 5}
{"lr": 0.0009938441702975688, "data_time": 0.000629258155822754, "loss": 0.22039858028292655, "time": 0.03479952812194824, "epoch": 6, "iter": 432, "memory": 1776, "step": 432}
{"accuracy/top1": 93.48591613769531, "data_time": 0.006721973419189453, "time": 0.01643599961933337, "step": 6}
{"lr": 0.0009911436253643444, "data_time": 0.0006384134292602539, "loss": 0.19634937569499017, "time": 0.034260797500610354, "epoch": 7, "iter": 504, "memory": 1776, "step": 504}
{"accuracy/top1": 94.36619567871094, "data_time": 0.004660116998772872, "time": 0.01493097606458162, "step": 7}
{"lr": 0.0009879583809693736, "data_time": 0.0006972074508666993, "loss": 0.1456433966755867, "time": 0.036389493942260744, "epoch": 8, "iter": 576, "memory": 1776, "step": 576}
{"accuracy/top1": 95.07042694091797, "data_time": 0.0038219502097681947, "time": 0.015612100300035979, "step": 8}
{"lr": 0.0009842915805643154, "data_time": 0.0006401777267456054, "loss": 0.2690229631960392, "time": 0.03416707515716553, "epoch": 9, "iter": 648, "memory": 1776, "step": 648}
{"accuracy/top1": 95.2464828491211, "data_time": 0.004970236828452663, "time": 0.014887608979877672, "step": 9}
{"lr": 0.0009801468428384714, "data_time": 0.000641632080078125, "loss": 0.21840384230017662, "time": 0.03453078269958496, "epoch": 10, "iter": 720, "memory": 1776, "step": 720}
{"accuracy/top1": 94.19013977050781, "data_time": 0.005345821380615234, "time": 0.015548103734066612, "step": 10}
{"lr": 0.0009755282581475767, "data_time": 0.000672292709350586, "loss": 0.19808486029505729, "time": 0.03651440143585205, "epoch": 11, "iter": 792, "memory": 1776, "step": 792}
{"accuracy/top1": 94.19013977050781, "data_time": 0.004664132469578793, "time": 0.01533694016306024, "step": 11}
{"lr": 0.0009704403844771127, "data_time": 0.0006431102752685547, "loss": 0.09823569823056459, "time": 0.036486339569091794, "epoch": 12, "iter": 864, "memory": 1776, "step": 864}
{"accuracy/top1": 94.89437103271484, "data_time": 0.004855181041516755, "time": 0.015509417182520815, "step": 12}
{"lr": 0.0009648882429441257, "data_time": 0.0006621837615966797, "loss": 0.1360222054645419, "time": 0.033938241004943845, "epoch": 13, "iter": 936, "memory": 1776, "step": 936}
{"accuracy/top1": 94.36619567871094, "data_time": 0.004349056043122944, "time": 0.016431758278294614, "step": 13}
{"lr": 0.0009588773128419905, "data_time": 0.000915074348449707, "loss": 0.15448735989630222, "time": 0.03623201847076416, "epoch": 14, "iter": 1008, "memory": 1776, "step": 1008}
{"accuracy/top1": 95.07042694091797, "data_time": 0.0053807559766267474, "time": 0.016523436496132297, "step": 14}
{"lr": 0.0009524135262330098, "data_time": 0.0007924079895019531, "loss": 0.21146369613707067, "time": 0.03651750087738037, "epoch": 15, "iter": 1080, "memory": 1776, "step": 1080}
{"accuracy/top1": 93.66197204589844, "data_time": 0.004409501427098324, "time": 0.015965775439613743, "step": 15}
{"lr": 0.0009455032620941839, "data_time": 0.0007118463516235351, "loss": 0.1470510598272085, "time": 0.036125993728637694, "epoch": 16, "iter": 1152, "memory": 1776, "step": 1152}
{"accuracy/top1": 94.89437103271484, "data_time": 0.004068349537096526, "time": 0.0161301336790386, "step": 16}
{"lr": 0.0009381533400219318, "data_time": 0.0006522893905639649, "loss": 0.12716760765761137, "time": 0.03436756134033203, "epoch": 17, "iter": 1224, "memory": 1776, "step": 1224}
{"accuracy/top1": 94.54225158691406, "data_time": 0.005000428149574681, "time": 0.015388664446379008, "step": 17}
{"lr": 0.0009303710135019719, "data_time": 0.0006092071533203125, "loss": 0.18214821442961693, "time": 0.03467602729797363, "epoch": 18, "iter": 1296, "memory": 1776, "step": 1296}
{"accuracy/top1": 94.71830749511719, "data_time": 0.005479737331992702, "time": 0.015025490208675987, "step": 18}
{"lr": 0.0009221639627510076, "data_time": 0.0007152795791625976, "loss": 0.12702653221786023, "time": 0.036533474922180176, "epoch": 19, "iter": 1368, "memory": 1776, "step": 1368}
{"accuracy/top1": 94.19013977050781, "data_time": 0.004629963322689659, "time": 0.015328030837209601, "step": 19}
{"lr": 0.000913540287137281, "data_time": 0.0007047414779663086, "loss": 0.09642788469791412, "time": 0.03666563034057617, "epoch": 20, "iter": 1440, "memory": 1776, "step": 1440}
{"accuracy/top1": 93.83802795410156, "data_time": 0.005413143258345754, "time": 0.017105642117952045, "step": 20}
{"lr": 0.0009045084971874739, "data_time": 0.0006979465484619141, "loss": 0.12163494471460581, "time": 0.03566114902496338, "epoch": 21, "iter": 1512, "memory": 1776, "step": 1512}
{"accuracy/top1": 94.71830749511719, "data_time": 0.004458226655658923, "time": 0.015797000182302373, "step": 21}
{"lr": 0.0008950775061878452, "data_time": 0.0006014585494995117, "loss": 0.129366953112185, "time": 0.033705735206604005, "epoch": 22, "iter": 1584, "memory": 1776, "step": 1584}
{"accuracy/top1": 93.83802795410156, "data_time": 0.0050290258307206, "time": 0.01512171092786287, "step": 22}
{"lr": 0.0008852566213878947, "data_time": 0.0005747556686401367, "loss": 0.06830826252698899, "time": 0.033433055877685545, "epoch": 23, "iter": 1656, "memory": 1776, "step": 1656}
{"accuracy/top1": 94.19013977050781, "data_time": 0.0051441192626953125, "time": 0.014962522607100638, "step": 23}
{"lr": 0.0008750555348152298, "data_time": 0.0005910634994506836, "loss": 0.10871554370969534, "time": 0.03391785621643066, "epoch": 24, "iter": 1728, "memory": 1776, "step": 1728}
{"accuracy/top1": 95.42253875732422, "data_time": 0.005021760338231137, "time": 0.014792417225084807, "step": 24}
{"lr": 0.0008644843137107057, "data_time": 0.0006518840789794921, "loss": 0.08708333633840085, "time": 0.03570790290832519, "epoch": 25, "iter": 1800, "memory": 1776, "step": 1800}
{"accuracy/top1": 94.71830749511719, "data_time": 0.004071687397203948, "time": 0.014867556722540604, "step": 25}
{"lr": 0.0008535533905932737, "data_time": 0.0008320331573486329, "loss": 0.12007992602884769, "time": 0.03751325607299805, "epoch": 26, "iter": 1872, "memory": 1776, "step": 1872}
{"accuracy/top1": 95.2464828491211, "data_time": 0.004446744918823242, "time": 0.015769858109323603, "step": 26}
{"lr": 0.0008422735529643444, "data_time": 0.0006268501281738281, "loss": 0.07969509498216212, "time": 0.03728194236755371, "epoch": 27, "iter": 1944, "memory": 1776, "step": 1944}
{"accuracy/top1": 95.59859466552734, "data_time": 0.004882825048346268, "time": 0.01563162552682977, "step": 27}
{"lr": 0.0008306559326618259, "data_time": 0.0006635189056396484, "loss": 0.08884238284081221,