{"lr": 0.01, "data_time": 0.0005418062210083008, "loss": 0.7841516971588135, "time": 0.08734261989593506, "epoch": 1, "iter": 72, "memory": 2863, "step": 72}
{"accuracy/top1": 69.19013977050781, "data_time": 0.0345772902170817, "time": 0.06310476197136773, "step": 1}
{"lr": 0.01, "data_time": 0.0006005525588989258, "loss": 0.428282205760479, "time": 0.0389286994934082, "epoch": 2, "iter": 144, "memory": 2863, "step": 144}
{"accuracy/top1": 89.96479034423828, "data_time": 0.004882937983462685, "time": 0.019865425009476512, "step": 2}
{"lr": 0.01, "data_time": 0.0005275487899780273, "loss": 0.46151970624923705, "time": 0.038513588905334475, "epoch": 3, "iter": 216, "memory": 2863, "step": 216}
{"accuracy/top1": 89.26056671142578, "data_time": 0.004423329704686215, "time": 0.017589092254638672, "step": 3}
{"lr": 0.01, "data_time": 0.0005685091018676758, "loss": 0.3321377165615559, "time": 0.038811111450195314, "epoch": 4, "iter": 288, "memory": 2863, "step": 288}
{"accuracy/top1": 88.90845489501953, "data_time": 0.004587788330881219, "time": 0.017940596530311985, "step": 4}
{"lr": 0.01, "data_time": 0.0005639076232910156, "loss": 0.3549720421433449, "time": 0.038753199577331546, "epoch": 5, "iter": 360, "memory": 2863, "step": 360}
{"accuracy/top1": 90.31690216064453, "data_time": 0.004581740027979801, "time": 0.017861529400474148, "step": 5}
{"lr": 0.01, "data_time": 0.000573277473449707, "loss": 0.25441690534353256, "time": 0.04252526760101318, "epoch": 6, "iter": 432, "memory": 2863, "step": 432}
{"accuracy/top1": 92.25352478027344, "data_time": 0.003993046911139237, "time": 0.02195059625725997, "step": 6}
{"lr": 0.01, "data_time": 0.0006514310836791993, "loss": 0.23959879875183104, "time": 0.08108711242675781, "epoch": 7, "iter": 504, "memory": 2863, "step": 504}
{"accuracy/top1": 92.07746887207031, "data_time": 0.0036672165519312807, "time": 0.03062674873753598, "step": 7}
{"lr": 0.01, "data_time": 0.0007966756820678711, "loss": 0.24810186647810042, "time": 0.08198964595794678, "epoch": 8, "iter": 576, "memory": 2863, "step": 576}
{"accuracy/top1": 92.60563659667969, "data_time": 0.004376875726800216, "time": 0.031834238453915246, "step": 8}
{"lr": 0.01, "data_time": 0.0007101774215698242, "loss": 0.3278373196721077, "time": 0.08152434825897217, "epoch": 9, "iter": 648, "memory": 2863, "step": 648}
{"accuracy/top1": 94.36619567871094, "data_time": 0.004711238961470754, "time": 0.03192372071115594, "step": 9}
{"lr": 0.01, "data_time": 0.0006762027740478515, "loss": 0.24601294584572314, "time": 0.08177013397216797, "epoch": 10, "iter": 720, "memory": 2863, "step": 720}
{"accuracy/top1": 92.25352478027344, "data_time": 0.005068628411543996, "time": 0.03222351325185675, "step": 10}
{"lr": 0.01, "data_time": 0.0006625890731811523, "loss": 0.23059056736528874, "time": 0.08162128925323486, "epoch": 11, "iter": 792, "memory": 2863, "step": 792}
{"accuracy/top1": 93.48591613769531, "data_time": 0.004393828542608964, "time": 0.0317054924212004, "step": 11}
{"lr": 0.01, "data_time": 0.0006198406219482422, "loss": 0.19608963541686536, "time": 0.08163688182830811, "epoch": 12, "iter": 864, "memory": 2863, "step": 864}
{"accuracy/top1": 91.37323760986328, "data_time": 0.004718429163882607, "time": 0.03279667151601691, "step": 12}
{"lr": 0.01, "data_time": 0.000723576545715332, "loss": 0.17321766838431357, "time": 0.07824068069458008, "epoch": 13, "iter": 936, "memory": 2863, "step": 936}
{"accuracy/top1": 91.72535705566406, "data_time": 0.00407828782734118, "time": 0.027434901187294407, "step": 13}
{"lr": 0.01, "data_time": 0.000863194465637207, "loss": 0.1964084878563881, "time": 0.08112239837646484, "epoch": 14, "iter": 1008, "memory": 2863, "step": 1008}
{"accuracy/top1": 91.90141296386719, "data_time": 0.004851755342985454, "time": 0.03220895717018529, "step": 14}
{"lr": 0.01, "data_time": 0.0006775140762329101, "loss": 0.24424514807760717, "time": 0.08255395889282227, "epoch": 15, "iter": 1080, "memory": 2863, "step": 1080}
{"accuracy/top1": 93.66197204589844, "data_time": 0.004211538716366417, "time": 0.031618708058407434, "step": 15}
{"lr": 0.001, "data_time": 0.0006471872329711914, "loss": 0.149210486933589, "time": 0.08152382373809815, "epoch": 16, "iter": 1152, "memory": 2863, "step": 1152}
{"accuracy/top1": 94.71830749511719, "data_time": 0.0038912547262091386, "time": 0.031156740690532484, "step": 16}
{"lr": 0.001, "data_time": 0.0006458759307861328, "loss": 0.1091078169643879, "time": 0.08160581588745117, "epoch": 17, "iter": 1224, "memory": 2863, "step": 1224}
{"accuracy/top1": 94.89437103271484, "data_time": 0.004292789258454975, "time": 0.03182042272467362, "step": 17}
{"lr": 0.001, "data_time": 0.0005844354629516602, "loss": 0.08659214042127132, "time": 0.08115074634552003, "epoch": 18, "iter": 1296, "memory": 2863, "step": 1296}
{"accuracy/top1": 95.07042694091797, "data_time": 0.0042008600736919205, "time": 0.031547759708605315, "step": 18}
{"lr": 0.001, "data_time": 0.000603342056274414, "loss": 0.07707981057465077, "time": 0.08080086708068848, "epoch": 19, "iter": 1368, "memory": 2863, "step": 1368}
{"accuracy/top1": 95.77465057373047, "data_time": 0.004788612064562346, "time": 0.03213332828722502, "step": 19}
{"lr": 0.001, "data_time": 0.0006225109100341797, "loss": 0.06290467595681548, "time": 0.06953978538513184, "epoch": 20, "iter": 1440, "memory": 2863, "step": 1440}
{"accuracy/top1": 94.71830749511719, "data_time": 0.004503664217497173, "time": 0.032239098297922236, "step": 20}
{"lr": 0.001, "data_time": 0.0007062911987304688, "loss": 0.1439393217675388, "time": 0.08124568462371826, "epoch": 21, "iter": 1512, "memory": 2863, "step": 1512}
{"accuracy/top1": 95.42253875732422, "data_time": 0.003759120640001799, "time": 0.03121018409729004, "step": 21}
{"lr": 0.001, "data_time": 0.000657200813293457, "loss": 0.10938647706061602, "time": 0.0782895565032959, "epoch": 22, "iter": 1584, "memory": 2863, "step": 1584}
{"accuracy/top1": 95.07042694091797, "data_time": 0.004123675195794357, "time": 0.026390615262483295, "step": 22}
{"lr": 0.001, "data_time": 0.0006658077239990234, "loss": 0.15399463549256326, "time": 0.08097360134124756, "epoch": 23, "iter": 1656, "memory": 2863, "step": 1656}
{"accuracy/top1": 95.42253875732422, "data_time": 0.003723621368408203, "time": 0.03120907984281841, "step": 23}
{"lr": 0.001, "data_time": 0.0008219718933105469, "loss": 0.07586841988377273, "time": 0.08239033222198486, "epoch": 24, "iter": 1728, "memory": 2863, "step": 1728}
{"accuracy/top1": 95.07042694091797, "data_time": 0.0036645939475611635, "time": 0.03128025406285336, "step": 24}
{"lr": 0.001, "data_time": 0.0006198883056640625, "loss": 0.07334644887596369, "time": 0.08096809387207031, "epoch": 25, "iter": 1800, "memory": 2863, "step": 1800}
{"accuracy/top1": 94.71830749511719, "data_time": 0.003639522351716694, "time": 0.030775283512316252, "step": 25}
{"lr": 0.001, "data_time": 0.0006761789321899414, "loss": 0.07394005195237696, "time": 0.08112263679504395, "epoch": 26, "iter": 1872, "memory": 2863, "step": 1872}
{"accuracy/top1": 95.42253875732422, "data_time": 0.004573094217400802, "time": 0.032092395581697165, "step": 26}
{"lr": 0.001, "data_time": 0.0006345272064208985, "loss": 0.04803091534413397, "time": 0.081211256980896, "epoch": 27, "iter": 1944, "memory": 2863, "step": 1944}
{"accuracy/top1": 95.59859466552734, "data_time": 0.0038727710121556334, "time": 0.030913076902690687, "step": 27}
{"lr": 0.001, "data_time": 0.000636887550354004, "loss": 0.08925866037607193, "time": 0.08133859634399414, "epoch": 28, "iter": 2016, "memory": 2863, "step": 2016}
{"accuracy/top1": 95.42253875732422, "data_time": 0.004015520999306126, "time": 0.031265045467175935, "step": 28}
{"lr": 0.001, "data_time": 0.0005921363830566406, "loss": 0.07352149710059167, "time": 0.03908922672271729, "epoch": 29, "iter": 2088, "memory": 2863, "step": 2088}
{"accuracy/top1": 94.89437103271484, "data_time": 0.003911946949205901, "time": 0.027749726646824888,