{"lr": 0.001, "data_time": 0.0005035877227783203, "loss": 0.43193660378456117, "time": 0.05546894073486328, "epoch": 1, "iter": 72, "memory": 3675, "step": 72}
{"accuracy/top1": 93.83802795410156, "data_time": 0.02548049555884467, "time": 0.0432517925898234, "step": 1}
{"lr": 0.001, "data_time": 0.0006308078765869141, "loss": 0.22825176194310187, "time": 0.05021848678588867, "epoch": 2, "iter": 144, "memory": 3675, "step": 144}
{"accuracy/top1": 93.83802795410156, "data_time": 0.0037586187061510587, "time": 0.020932599117881374, "step": 2}
{"lr": 0.001, "data_time": 0.0006343364715576172, "loss": 0.14812713861465454, "time": 0.05009765625, "epoch": 3, "iter": 216, "memory": 3675, "step": 216}
{"accuracy/top1": 95.07042694091797, "data_time": 0.00367812106483861, "time": 0.019520671744095653, "step": 3}
{"lr": 0.001, "data_time": 0.0005380153656005859, "loss": 0.16420527063310147, "time": 0.04989516735076904, "epoch": 4, "iter": 288, "memory": 3675, "step": 288}
{"accuracy/top1": 94.36619567871094, "data_time": 0.00429812230561909, "time": 0.020199738050761976, "step": 4}
{"lr": 0.001, "data_time": 0.000561213493347168, "loss": 0.22723604459315538, "time": 0.049845004081726076, "epoch": 5, "iter": 360, "memory": 3675, "step": 360}
{"accuracy/top1": 95.9507064819336, "data_time": 0.0036415928288509973, "time": 0.019696875622397976, "step": 5}
{"lr": 0.001, "data_time": 0.0005564212799072266, "loss": 0.19029447454959153, "time": 0.04991273880004883, "epoch": 6, "iter": 432, "memory": 3675, "step": 432}
{"accuracy/top1": 96.47887420654297, "data_time": 0.0037839161722283614, "time": 0.019796409104999742, "step": 6}
{"lr": 0.001, "data_time": 0.0006420373916625977, "loss": 0.18471226505935193, "time": 0.0503725528717041, "epoch": 7, "iter": 504, "memory": 3675, "step": 504}
{"accuracy/top1": 96.83098602294922, "data_time": 0.004220761750873767, "time": 0.020419522335654812, "step": 7}
{"lr": 0.001, "data_time": 0.0006804943084716796, "loss": 0.13019010834395886, "time": 0.05027685165405273, "epoch": 8, "iter": 576, "memory": 3675, "step": 576}
{"accuracy/top1": 95.9507064819336, "data_time": 0.0038442235243947884, "time": 0.01999596545570775, "step": 8}
{"lr": 0.001, "data_time": 0.0005218267440795898, "loss": 0.11398522397503257, "time": 0.050067710876464847, "epoch": 9, "iter": 648, "memory": 3675, "step": 648}
{"accuracy/top1": 96.30281829833984, "data_time": 0.003845164650364926, "time": 0.01985881203099301, "step": 9}
{"lr": 0.001, "data_time": 0.0005056381225585938, "loss": 0.1383821265771985, "time": 0.05017507076263428, "epoch": 10, "iter": 720, "memory": 3675, "step": 720}
{"accuracy/top1": 96.6549301147461, "data_time": 0.003584736271908409, "time": 0.01969868258426064, "step": 10}
{"lr": 0.001, "data_time": 0.0006387233734130859, "loss": 0.06892011393792927, "time": 0.05032930374145508, "epoch": 11, "iter": 792, "memory": 3675, "step": 792}
{"accuracy/top1": 96.6549301147461, "data_time": 0.0037579661921450964, "time": 0.019836162265978362, "step": 11}
{"lr": 0.001, "data_time": 0.0006115913391113281, "loss": 0.061563638783991334, "time": 0.05069231986999512, "epoch": 12, "iter": 864, "memory": 3675, "step": 864}
{"accuracy/top1": 96.12676239013672, "data_time": 0.004362972159134715, "time": 0.020522632096943102, "step": 12}
{"lr": 0.001, "data_time": 0.0006507396697998047, "loss": 0.1187654759734869, "time": 0.050905442237854, "epoch": 13, "iter": 936, "memory": 3675, "step": 936}
{"accuracy/top1": 96.12676239013672, "data_time": 0.004641168995907432, "time": 0.021371389690198396, "step": 13}
{"lr": 0.001, "data_time": 0.0007003068923950196, "loss": 0.11036175265908241, "time": 0.050685763359069824, "epoch": 14, "iter": 1008, "memory": 3675, "step": 1008}
{"accuracy/top1": 96.47887420654297, "data_time": 0.004317584790681538, "time": 0.02068865926642167, "step": 14}
{"lr": 0.001, "data_time": 0.0005003690719604492, "loss": 0.09262344958260656, "time": 0.05008766651153564, "epoch": 15, "iter": 1080, "memory": 3675, "step": 1080}
{"accuracy/top1": 96.30281829833984, "data_time": 0.004307395533511513, "time": 0.020905996623792146, "step": 15}
{"lr": 0.0001, "data_time": 0.0005694389343261719, "loss": 0.13764913398772477, "time": 0.05063838958740234, "epoch": 16, "iter": 1152, "memory": 3675, "step": 1152}
{"accuracy/top1": 96.30281829833984, "data_time": 0.004192176618074116, "time": 0.0204060203150699, "step": 16}
{"lr": 0.0001, "data_time": 0.0005637884140014648, "loss": 0.053760348539799455, "time": 0.050435113906860354, "epoch": 17, "iter": 1224, "memory": 3675, "step": 1224}
{"accuracy/top1": 96.83098602294922, "data_time": 0.00419482431913677, "time": 0.02046320312901547, "step": 17}
{"lr": 0.0001, "data_time": 0.0005868911743164062, "loss": 0.04991603889502585, "time": 0.050617218017578125, "epoch": 18, "iter": 1296, "memory": 3675, "step": 1296}
{"accuracy/top1": 96.47887420654297, "data_time": 0.00436610924570184, "time": 0.020865879560771742, "step": 18}
{"lr": 0.0001, "data_time": 0.0005775928497314453, "loss": 0.08892555243801326, "time": 0.05041646957397461, "epoch": 19, "iter": 1368, "memory": 3675, "step": 1368}
{"accuracy/top1": 96.47887420654297, "data_time": 0.004060218208714535, "time": 0.020366066380550985, "step": 19}
{"lr": 0.0001, "data_time": 0.0005611419677734375, "loss": 0.057245877012610434, "time": 0.05037589073181152, "epoch": 20, "iter": 1440, "memory": 3675, "step": 1440}
{"accuracy/top1": 96.83098602294922, "data_time": 0.005391924004805715, "time": 0.02156384367691843, "step": 20}
{"lr": 0.0001, "data_time": 0.0006713390350341797, "loss": 0.05067274984903634, "time": 0.05082252025604248, "epoch": 21, "iter": 1512, "memory": 3675, "step": 1512}
{"accuracy/top1": 96.30281829833984, "data_time": 0.004022610814947831, "time": 0.020354107806557102, "step": 21}
{"lr": 0.0001, "data_time": 0.0005990505218505859, "loss": 0.07118106950074435, "time": 0.05048513412475586, "epoch": 22, "iter": 1584, "memory": 3675, "step": 1584}
{"accuracy/top1": 95.9507064819336, "data_time": 0.005349435304340564, "time": 0.02166296306409334, "step": 22}
{"lr": 0.0001, "data_time": 0.0006012916564941406, "loss": 0.06840163134038449, "time": 0.0504185676574707, "epoch": 23, "iter": 1656, "memory": 3675, "step": 1656}
{"accuracy/top1": 96.47887420654297, "data_time": 0.004364452863994397, "time": 0.020631601935938784, "step": 23}
{"lr": 0.0001, "data_time": 0.0005458354949951172, "loss": 0.051465506502427164, "time": 0.05050106048583984, "epoch": 24, "iter": 1728, "memory": 3675, "step": 1728}
{"accuracy/top1": 96.30281829833984, "data_time": 0.004277430082622327, "time": 0.020666411048487612, "step": 24}
{"lr": 0.0001, "data_time": 0.0005628108978271484, "loss": 0.06865061949938536, "time": 0.050261616706848145, "epoch": 25, "iter": 1800, "memory": 3675, "step": 1800}
{"accuracy/top1": 95.77465057373047, "data_time": 0.004286013151469983, "time": 0.02085121054398386, "step": 25}
{"lr": 0.0001, "data_time": 0.0007337093353271485, "loss": 0.047957114037126304, "time": 0.050949382781982425, "epoch": 26, "iter": 1872, "memory": 3675, "step": 1872}
{"accuracy/top1": 96.30281829833984, "data_time": 0.004471000872160259, "time": 0.02098906667608964, "step": 26}
{"lr": 0.0001, "data_time": 0.0006852626800537109, "loss": 0.08436271650716662, "time": 0.05084810256958008, "epoch": 27, "iter": 1944, "memory": 3675, "step": 1944}
{"accuracy/top1": 97.18309783935547, "data_time": 0.004284193641261051, "time": 0.020582136354948346, "step": 27}
{"lr": 0.0001, "data_time": 0.0005890607833862304, "loss": 0.07706475853919983, "time": 0.0504417896270752, "epoch": 28, "iter": 2016, "memory": 3675, "step": 2016}
{"accuracy/top1": 97.18309783935547, "data_time": 0.004445628116005345, "time": 0.021032960791336864, "step": 28}
{"lr": 0.0001, "data_time": 0.0005569696426391601, "loss": 0.054393547726795076, "time": 0.050390005111694336, "epoch": 29, "iter": 2088, "memory": 3675, "step": 2088}
{"accuracy/top1": 97.18309783935547, "data_time": 0.004249008078324168,