{"lr": 0.001, "data_time": 0.000506138801574707, "loss": 1.46260906457901, "time": 0.03117690086364746, "epoch": 1, "iter": 72, "memory": 1426, "step": 72}
{"accuracy/top1": 83.09859466552734, "data_time": 0.015741573439704046, "time": 0.028141260147094727, "step": 1}
{"lr": 0.001, "data_time": 0.000561213493347168, "loss": 1.238232707977295, "time": 0.022020936012268066, "epoch": 2, "iter": 144, "memory": 1426, "step": 144}
{"accuracy/top1": 89.61267852783203, "data_time": 0.006573400999370374, "time": 0.018615948526482833, "step": 2}
{"lr": 0.001, "data_time": 0.0005922794342041015, "loss": 0.9064248144626618, "time": 0.021845149993896484, "epoch": 3, "iter": 216, "memory": 1426, "step": 216}
{"accuracy/top1": 89.61267852783203, "data_time": 0.00822817651849044, "time": 0.016871904072008635, "step": 3}
{"lr": 0.001, "data_time": 0.0005664587020874024, "loss": 0.6806435227394104, "time": 0.020445775985717774, "epoch": 4, "iter": 288, "memory": 1426, "step": 288}
{"accuracy/top1": 90.49295806884766, "data_time": 0.006352499911659642, "time": 0.014776844727365594, "step": 4}
{"lr": 0.001, "data_time": 0.0005373477935791016, "loss": 0.5200772851705551, "time": 0.02141425609588623, "epoch": 5, "iter": 360, "memory": 1426, "step": 360}
{"accuracy/top1": 92.07746887207031, "data_time": 0.005184951581453022, "time": 0.015261512053640265, "step": 5}
{"lr": 0.001, "data_time": 0.0005303144454956055, "loss": 0.4697849929332733, "time": 0.02220923900604248, "epoch": 6, "iter": 432, "memory": 1426, "step": 432}
{"accuracy/top1": 91.90141296386719, "data_time": 0.005227465378610711, "time": 0.013992924439279656, "step": 6}
{"lr": 0.001, "data_time": 0.0005253076553344727, "loss": 0.3170132219791412, "time": 0.02006199359893799, "epoch": 7, "iter": 504, "memory": 1426, "step": 504}
{"accuracy/top1": 92.78169250488281, "data_time": 0.004457837656924599, "time": 0.01311358652616802, "step": 7}
{"lr": 0.001, "data_time": 0.0005779743194580078, "loss": 0.26814818680286406, "time": 0.020946979522705078, "epoch": 8, "iter": 576, "memory": 1426, "step": 576}
{"accuracy/top1": 93.13380432128906, "data_time": 0.0057934334403590155, "time": 0.013979296935232062, "step": 8}
{"lr": 0.001, "data_time": 0.0005099773406982422, "loss": 0.2914812333881855, "time": 0.020219826698303224, "epoch": 9, "iter": 648, "memory": 1426, "step": 648}
{"accuracy/top1": 93.30986022949219, "data_time": 0.0074388102481239725, "time": 0.015155854978059468, "step": 9}
{"lr": 0.001, "data_time": 0.0005262136459350586, "loss": 0.33493542969226836, "time": 0.020343542098999023, "epoch": 10, "iter": 720, "memory": 1426, "step": 720}
{"accuracy/top1": 93.30986022949219, "data_time": 0.003946919190256219, "time": 0.013714928376047235, "step": 10}
{"lr": 0.001, "data_time": 0.0004056692123413086, "loss": 0.3586800336837769, "time": 0.017382025718688965, "epoch": 11, "iter": 792, "memory": 1426, "step": 792}
{"accuracy/top1": 94.19013977050781, "data_time": 0.004772198827643143, "time": 0.014155776877152292, "step": 11}
{"lr": 0.001, "data_time": 0.000529623031616211, "loss": 0.23623966798186302, "time": 0.018142080307006835, "epoch": 12, "iter": 864, "memory": 1426, "step": 864}
{"accuracy/top1": 94.54225158691406, "data_time": 0.01018993478072317, "time": 0.017578275580155223, "step": 12}
{"lr": 0.001, "data_time": 0.00047883987426757815, "loss": 0.21249551475048065, "time": 0.01993136405944824, "epoch": 13, "iter": 936, "memory": 1426, "step": 936}
{"accuracy/top1": 94.54225158691406, "data_time": 0.008003285056666323, "time": 0.014874997891877828, "step": 13}
{"lr": 0.001, "data_time": 0.0006261110305786133, "loss": 0.25033636540174486, "time": 0.022072720527648925, "epoch": 14, "iter": 1008, "memory": 1426, "step": 1008}
{"accuracy/top1": 95.42253875732422, "data_time": 0.006972639184249074, "time": 0.01454506422344007, "step": 14}
{"lr": 0.001, "data_time": 0.0005341053009033203, "loss": 0.28003322780132295, "time": 0.021191215515136717, "epoch": 15, "iter": 1080, "memory": 1426, "step": 1080}
{"accuracy/top1": 94.54225158691406, "data_time": 0.007089652513202868, "time": 0.015613141812776265, "step": 15}
{"lr": 0.0001, "data_time": 0.0006619453430175781, "loss": 0.21053774058818817, "time": 0.02128455638885498, "epoch": 16, "iter": 1152, "memory": 1426, "step": 1152}
{"accuracy/top1": 94.71830749511719, "data_time": 0.006590504395334344, "time": 0.014861194710982474, "step": 16}
{"lr": 0.0001, "data_time": 0.0005247592926025391, "loss": 0.19302247315645218, "time": 0.019578886032104493, "epoch": 17, "iter": 1224, "memory": 1426, "step": 1224}
{"accuracy/top1": 95.07042694091797, "data_time": 0.00554606789036801, "time": 0.015184854206285979, "step": 17}
{"lr": 0.0001, "data_time": 0.0005177974700927735, "loss": 0.18041340112686158, "time": 0.019743871688842774, "epoch": 18, "iter": 1296, "memory": 1426, "step": 1296}
{"accuracy/top1": 95.42253875732422, "data_time": 0.007020310351723119, "time": 0.015532280269422029, "step": 18}
{"lr": 0.0001, "data_time": 0.0005292654037475586, "loss": 0.1776194080710411, "time": 0.019609737396240234, "epoch": 19, "iter": 1368, "memory": 1426, "step": 1368}
{"accuracy/top1": 95.42253875732422, "data_time": 0.007859556298506888, "time": 0.014797398918553403, "step": 19}
{"lr": 0.0001, "data_time": 0.0005675315856933594, "loss": 0.20369646102190017, "time": 0.019937777519226076, "epoch": 20, "iter": 1440, "memory": 1426, "step": 1440}
{"accuracy/top1": 95.42253875732422, "data_time": 0.006741711967869809, "time": 0.01504231754102205, "step": 20}
{"lr": 0.0001, "data_time": 0.0005333423614501953, "loss": 0.2458057500422001, "time": 0.01975107192993164, "epoch": 21, "iter": 1512, "memory": 1426, "step": 1512}
{"accuracy/top1": 95.42253875732422, "data_time": 0.00633205865558825, "time": 0.014548640502126594, "step": 21}
{"lr": 0.0001, "data_time": 0.00046541690826416013, "loss": 0.15628273151814936, "time": 0.017371273040771483, "epoch": 22, "iter": 1584, "memory": 1426, "step": 1584}
{"accuracy/top1": 95.42253875732422, "data_time": 0.0043582916259765625, "time": 0.012535546955309416, "step": 22}
{"lr": 0.0001, "data_time": 0.0004884243011474609, "loss": 0.19995407313108443, "time": 0.018126392364501955, "epoch": 23, "iter": 1656, "memory": 1426, "step": 1656}
{"accuracy/top1": 95.42253875732422, "data_time": 0.00606511768541838, "time": 0.012763839018972297, "step": 23}
{"lr": 0.0001, "data_time": 0.00048635005950927737, "loss": 0.1680455133318901, "time": 0.01833164691925049, "epoch": 24, "iter": 1728, "memory": 1426, "step": 1728}
{"accuracy/top1": 95.07042694091797, "data_time": 0.005662340866891961, "time": 0.01272977025885331, "step": 24}
{"lr": 0.0001, "data_time": 0.0006842374801635742, "loss": 0.1784123696386814, "time": 0.02177748680114746, "epoch": 25, "iter": 1800, "memory": 1426, "step": 1800}
{"accuracy/top1": 95.2464828491211, "data_time": 0.006511989392732319, "time": 0.014582834745708265, "step": 25}
{"lr": 0.0001, "data_time": 0.0005222797393798828, "loss": 0.21912068799138068, "time": 0.017925047874450685, "epoch": 26, "iter": 1872, "memory": 1426, "step": 1872}
{"accuracy/top1": 95.2464828491211, "data_time": 0.006060637925800525, "time": 0.014651549489874589, "step": 26}
{"lr": 0.0001, "data_time": 0.0005804300308227539, "loss": 0.24826903343200685, "time": 0.020907664299011232, "epoch": 27, "iter": 1944, "memory": 1426, "step": 1944}
{"accuracy/top1": 95.2464828491211, "data_time": 0.004775436300980418, "time": 0.01319364497536107, "step": 27}
{"lr": 0.0001, "data_time": 0.0005235671997070312, "loss": 0.2451753780245781, "time": 0.019195914268493652, "epoch": 28, "iter": 2016, "memory": 1426, "step": 2016}
{"accuracy/top1": 95.2464828491211, "data_time": 0.0071383526450709296, "time": 0.015539445375141344, "step": 28}
{"lr": 0.0001, "data_time": 0.0005408048629760743, "loss": 0.1738804154098034, "time": 0.02091934680938721, "epoch": 29, "iter": 2088, "memory": 1426, "step": 2088}
{"accuracy/top1": 95.2464828491211,