{"lr": 0.001, "data_time": 0.001195526123046875, "loss": 0.2942358799278736, "time": 0.12020225524902343, "epoch": 1, "iter": 72, "memory": 7698, "step": 72}
{"accuracy/top1": 93.48591613769531, "data_time": 0.014241562949286567, "time": 0.05312714311811659, "step": 1}
{"lr": 0.001, "data_time": 0.0012590408325195313, "loss": 0.22095364183187485, "time": 0.09552013874053955, "epoch": 2, "iter": 144, "memory": 7698, "step": 144}
{"accuracy/top1": 95.59859466552734, "data_time": 0.004433995799014443, "time": 0.04220755476700632, "step": 2}
{"lr": 0.001, "data_time": 0.0012431859970092774, "loss": 0.1914097134023905, "time": 0.09571795463562012, "epoch": 3, "iter": 216, "memory": 7698, "step": 216}
{"accuracy/top1": 94.71830749511719, "data_time": 0.004074912322194953, "time": 0.036357565930015164, "step": 3}
{"lr": 0.001, "data_time": 0.0012761354446411133, "loss": 0.19897082895040513, "time": 0.09486899375915528, "epoch": 4, "iter": 288, "memory": 7698, "step": 288}
{"accuracy/top1": 95.2464828491211, "data_time": 0.004646000109220806, "time": 0.03681787691618267, "step": 4}
{"lr": 0.001, "data_time": 0.0011746406555175782, "loss": 0.17052118554711343, "time": 0.0947688102722168, "epoch": 5, "iter": 360, "memory": 7698, "step": 360}
{"accuracy/top1": 96.30281829833984, "data_time": 0.0044526300932231705, "time": 0.03643349597328588, "step": 5}
{"lr": 0.001, "data_time": 0.0012886524200439453, "loss": 0.08183223642408848, "time": 0.09551045894622803, "epoch": 6, "iter": 432, "memory": 7698, "step": 432}
{"accuracy/top1": 96.12676239013672, "data_time": 0.004523678829795436, "time": 0.036939922131990134, "step": 6}
{"lr": 0.001, "data_time": 0.0012152671813964843, "loss": 0.08068685904145241, "time": 0.1115757703781128, "epoch": 7, "iter": 504, "memory": 7698, "step": 504}
{"accuracy/top1": 96.30281829833984, "data_time": 0.004637994264301501, "time": 0.03708651191309879, "step": 7}
{"lr": 0.001, "data_time": 0.0012576818466186524, "loss": 0.11823253929615021, "time": 0.0962723970413208, "epoch": 8, "iter": 576, "memory": 7698, "step": 576}
{"accuracy/top1": 96.47887420654297, "data_time": 0.00424471654390034, "time": 0.036477866925691306, "step": 8}
{"lr": 0.001, "data_time": 0.0012037992477416993, "loss": 0.1135162029415369, "time": 0.09572849273681641, "epoch": 9, "iter": 648, "memory": 7698, "step": 648}
{"accuracy/top1": 96.6549301147461, "data_time": 0.004183769226074219, "time": 0.03654004398145174, "step": 9}
{"lr": 0.001, "data_time": 0.0010970592498779296, "loss": 0.0927109181880951, "time": 0.09512455463409424, "epoch": 10, "iter": 720, "memory": 7698, "step": 720}
{"accuracy/top1": 96.12676239013672, "data_time": 0.0036626238571970085, "time": 0.035771696191085015, "step": 10}
{"lr": 0.001, "data_time": 0.0012555122375488281, "loss": 0.12422984652221203, "time": 0.09615433216094971, "epoch": 11, "iter": 792, "memory": 7698, "step": 792}
{"accuracy/top1": 97.00704193115234, "data_time": 0.003965139389038086, "time": 0.03630596713015908, "step": 11}
{"lr": 0.001, "data_time": 0.0012482166290283202, "loss": 0.11793549750000239, "time": 0.09625933170318604, "epoch": 12, "iter": 864, "memory": 7698, "step": 864}
{"accuracy/top1": 97.3591537475586, "data_time": 0.003803704914293791, "time": 0.03609915783530787, "step": 12}
{"lr": 0.001, "data_time": 0.0014019250869750977, "loss": 0.08204454518854618, "time": 0.0964271068572998, "epoch": 13, "iter": 936, "memory": 7698, "step": 936}
{"accuracy/top1": 97.00704193115234, "data_time": 0.003630989476254112, "time": 0.035851629156815376, "step": 13}
{"lr": 0.001, "data_time": 0.001201963424682617, "loss": 0.12926048636436463, "time": 0.09609823226928711, "epoch": 14, "iter": 1008, "memory": 7698, "step": 1008}
{"accuracy/top1": 97.3591537475586, "data_time": 0.004108466600116931, "time": 0.036190773311414216, "step": 14}
{"lr": 0.001, "data_time": 0.0011910676956176757, "loss": 0.057820704067125916, "time": 0.09542157649993896, "epoch": 15, "iter": 1080, "memory": 7698, "step": 1080}
{"accuracy/top1": 97.00704193115234, "data_time": 0.004781409313804225, "time": 0.03689261486655787, "step": 15}
{"lr": 0.0001, "data_time": 0.0011429309844970704, "loss": 0.06995513159781694, "time": 0.09567091464996338, "epoch": 16, "iter": 1152, "memory": 7698, "step": 1152}
{"accuracy/top1": 97.53520965576172, "data_time": 0.0036481556139494244, "time": 0.03574158016004061, "step": 16}
{"lr": 0.0001, "data_time": 0.0012653827667236327, "loss": 0.042203912232071164, "time": 0.09564869403839112, "epoch": 17, "iter": 1224, "memory": 7698, "step": 1224}
{"accuracy/top1": 97.18309783935547, "data_time": 0.003948600668656199, "time": 0.03607286904987536, "step": 17}
{"lr": 0.0001, "data_time": 0.0013122081756591797, "loss": 0.05833628047257662, "time": 0.09657447338104248, "epoch": 18, "iter": 1296, "memory": 7698, "step": 1296}
{"accuracy/top1": 97.18309783935547, "data_time": 0.0036360464598003185, "time": 0.03605581584729647, "step": 18}
{"lr": 0.0001, "data_time": 0.0012501955032348632, "loss": 0.0665857051499188, "time": 0.09564900398254395, "epoch": 19, "iter": 1368, "memory": 7698, "step": 1368}
{"accuracy/top1": 97.53520965576172, "data_time": 0.004549252359490646, "time": 0.036834265056409334, "step": 19}
{"lr": 0.0001, "data_time": 0.0011974334716796874, "loss": 0.0316252734977752, "time": 0.09618945121765136, "epoch": 20, "iter": 1440, "memory": 7698, "step": 1440}
{"accuracy/top1": 97.18309783935547, "data_time": 0.0043487548828125, "time": 0.03663735640676398, "step": 20}
{"lr": 0.0001, "data_time": 0.001273965835571289, "loss": 0.05880761221051216, "time": 0.09565324783325195, "epoch": 21, "iter": 1512, "memory": 7698, "step": 1512}
{"accuracy/top1": 97.53520965576172, "data_time": 0.0043200191698576276, "time": 0.03660870853223299, "step": 21}
{"lr": 0.0001, "data_time": 0.0014354944229125976, "loss": 0.061820401810109615, "time": 0.09682590961456299, "epoch": 22, "iter": 1584, "memory": 7698, "step": 1584}
{"accuracy/top1": 97.00704193115234, "data_time": 0.004430557552136873, "time": 0.03676891326904297, "step": 22}
{"lr": 0.0001, "data_time": 0.001169276237487793, "loss": 0.07247144053690135, "time": 0.09496715068817138, "epoch": 23, "iter": 1656, "memory": 7698, "step": 1656}
{"accuracy/top1": 97.3591537475586, "data_time": 0.004230674944425884, "time": 0.03635217014111971, "step": 23}
{"lr": 0.0001, "data_time": 0.0014921665191650391, "loss": 0.04057491598650813, "time": 0.09696671962738038, "epoch": 24, "iter": 1728, "memory": 7698, "step": 1728}
{"accuracy/top1": 97.71126556396484, "data_time": 0.004525034051192434, "time": 0.03699484624360737, "step": 24}
{"lr": 0.0001, "data_time": 0.0012250661849975586, "loss": 0.04743377730483189, "time": 0.0958925724029541, "epoch": 25, "iter": 1800, "memory": 7698, "step": 1800}
{"accuracy/top1": 97.18309783935547, "data_time": 0.0038052609092310854, "time": 0.036034809915642986, "step": 25}
{"lr": 0.0001, "data_time": 0.0013626575469970702, "loss": 0.06454711640253663, "time": 0.09605615139007569, "epoch": 26, "iter": 1872, "memory": 7698, "step": 1872}
{"accuracy/top1": 97.53520965576172, "data_time": 0.00384093585767244, "time": 0.036096535230937754, "step": 26}
{"lr": 0.0001, "data_time": 0.0011929988861083985, "loss": 0.04745331578887999, "time": 0.09570620059967042, "epoch": 27, "iter": 1944, "memory": 7698, "step": 1944}
{"accuracy/top1": 97.3591537475586, "data_time": 0.004064773258410002, "time": 0.03644156455993652, "step": 27}
{"lr": 0.0001, "data_time": 0.0011973619461059571, "loss": 0.049725758098065856, "time": 0.09546735286712646, "epoch": 28, "iter": 2016, "memory": 7698, "step": 2016}
{"accuracy/top1": 97.71126556396484, "data_time": 0.0044367313385009766, "time": 0.03652478519238924, "step": 28}
{"lr": 0.0001, "data_time": 0.0011972665786743164, "loss": 0.06826484254561364, "time": 0.09605884552001953, "epoch": 29, "iter": 2088, "memory": 7698, "step": 2088}
{"accuracy/top1": 97.53520965576172, "data_time": 0.004407230176423725,